character_name,release_year,best_of_episodes,non_best_of_episodes,episodes
"Major Bob Driver","2022",0,2,2
"Curiosity Mars Rover","2012",0,1,1
"Terry Burkhalter","2015",0,1,1
"R.O. Manse","2009",1,1,2
"Dr. Chet Mariongello","2019",0,1,1
"Dr. Crack","2023",0,1,1
"Dolores Brainwater","2023",0,1,1
"Donna Sticks","2019",0,1,1
"Danny Glover","2010",0,1,1
"Len Wiseman","2014",1,1,2
"Stan Lee","2009",0,1,1
"Ian Appaloosa","2021",0,1,1
"Ned Kemper","2019",0,1,1
"Genzer and Genevieve Smartz","2020",0,1,1
"Conroy","2019",0,1,1
"Brian Barber","2015",0,1,1
"Kaslida Andrews","2013",0,1,1
"Sergei","2018",0,1,1
"Grance Prebs","2023",0,1,1
"Shauna","2014",0,2,2
"Olaf's Middle Part","2022",0,1,1
"Ezekiel Craddock","2019",0,1,1
"Cooper F. Worthington-Tompkins","2017",0,1,1
"Augie Augerman","2018",1,0,1
"John Shantally","2012",0,1,1
"Lil' Gary","2011",0,2,2
"Dov Charney","2014",0,2,2
"Batman","2018",1,0,1
"Mark","2016",0,1,1
"Jake","2017",0,1,1
"Scaroline","2014",0,1,1
"Turd Dunkweed","2016",1,0,1
"Casey","2023",0,1,1
"Brian Credit","2017",0,1,1
"Jennifer Spot","2017",0,2,2
"Young Miss Willow Panloose","2023",0,1,1
"Pretty Liz","2014",0,1,1
"Robert Chastman","2019",1,0,1
"Victor Diamond","2013",0,1,1
"Mayor Junius Bobbledoonary","2017",2,0,2
"Dr. Kevin Kenwait","2022",0,1,1
"Sloppy Timmy Slotzman","2009",0,1,1
"Josh Yadegar","2017",0,1,1
"Frank Frank","2015",0,1,1
"Linda Gravel","2016",0,1,1
"Willadeene Marie Bates","2022",0,1,1
"Live Taylor","2015",1,0,1
"Chris Rock","2012",0,1,1
"Vegetarian Robot","2011",0,1,1
"Kim Bega","2017",1,0,1
"Sir Michael Caine","2016",0,1,1
"Barry Bunbuster Barryball","2022",0,1,1
"Haney Dilf","2022",1,0,1
"Sunny","2019",0,1,1
"Sarah Lastnum","2019",0,1,1
"Kent Daarvilstaow","2016",0,1,1
"Dina the Dinosaur","2021",0,1,1
"Jack Persimmons","2022",0,1,1
"Little Joe and Big Charlie Bardi","2021",0,1,1
"Hughie Chism","2022",0,1,1
"Dusty Stevens","2015",0,1,1
"Donald Ump","2022",0,1,1
"Thurl Ravenscroft","2021",0,1,1
"Morgan Weeston-Smythe","2021",0,1,1
"Jackson Maine","2019",0,1,1
"Scott's Nephew Todd","2015",0,1,1
"Marcus Tanner","2020",0,1,1
"Debbie Creepy","2018",0,1,1
"The and Waylont Neely","2022",0,1,1
"Bro","2016",0,1,1
"Officer Dreary","2021",1,0,1
"Chazmin","2016",0,2,2
"Forsythia","2018",0,1,1
"Captain Littlemember","2020",0,1,1
"Denver Coward","2015",0,1,1
"Harvey the Truth Seeker","2022",0,1,1
"Lavinia Marsh Caruthers","2018",0,1,1
"R. Schrift","2016",1,1,2
"Mall McCartney","2019",0,1,1
"Dean Unda","2016",0,1,1
"Todd Wickey","2009",0,1,1
"Diana Deep","2021",1,0,1
"Candle St. Louis","2023",0,1,1
"Jerone Buckethat","2020",0,1,1
"Richie Castlebaum","2022",1,0,1
"Dre Wonka","2022",0,1,1
"Ice-T","2010",3,2,5
"Frank Wonderbread","2022",0,1,1
"Bueford LeBaron","2014",0,1,1
"Goat","2012",0,1,1
"Chippy Dipps","2022",0,1,1
"Garry Marshall","2013",1,4,5
"Garry the Gardener","2022",1,0,1
"Eric ""Gutterballs"" Gutterman","2015",0,2,2
"Danielle Bartiromo","2014",1,0,1
"Dr. Nathan Morrow","2010",0,1,1
"Cleotis Martholobew","2021",0,1,1
"The Dell Guy","2016",0,1,1
"David Koresh","2012",0,1,1
"Clam and Pearl","2023",0,1,1
"Tricia Seawater","2020",1,0,1
"Jefferson Milkyway","2020",0,1,1
"Jonathan Biting","2021",0,1,1
"Dump Dump","2017",0,1,1
"Natalie Scoppapoppalee","2016",0,1,1
"Carter Meza","2019",0,1,1
"Ebesneezer Scrooge","2010",1,0,1
"Cake Boss","2011",0,4,4
"Fred Phelps","2011",0,1,1
"Stephen Road","2019",0,1,1
"Gary and Marge Filipowski","2021",0,1,1
"Bones McGrill","2017",0,1,1
"Barry Sams","2020",0,1,1
"Janice Bullhorn","2016",0,1,1
"The Mailer Daemon","2016",1,1,2
"Frosty the Snowman","2016",1,0,1
"Chris","2018",0,1,1
"Codi","2023",0,1,1
"Phoebe Chi Chi Roo","2022",0,1,1
"Tracy Evigan","2017",0,1,1
"Benny Sands","2023",0,1,1
"Trevor","2014",0,1,1
"Ringo Starr","2017",0,1,1
"Waldo","2017",0,1,1
"Carl Coaster","2017",0,1,1
"COOTER","2022",0,1,1
"Ana Conda","2020",0,1,1
"Greg","2023",0,1,1
"Sophie Purell","2019",0,1,1
"Sam Elliott","2016",0,1,1
"Cyberthug","2010",0,2,2
"Bever Hopox","2017",1,0,1
"Daniel","2016",0,1,1
"Barbra Streisand","2015",0,1,1
"Robby Delmuda","2022",0,2,2
"King George VI","2011",0,1,1
"Jen","2018",0,1,1
"Fifinella","2023",0,1,1
"Devon Westinghouse","2019",0,1,1
"Danny Diamonds","2019",1,0,1
"Len Wiseman","2015",1,0,1
"Katie Wong","2013",1,0,1
"Bobby Bottleservice","2009",1,2,3
"The Chief","2020",1,0,1
"Mr. Brainwash","2010",0,1,1
"The Sheriff of Nottingham","2014",0,1,1
"Fred Head","2019",0,1,1
"Entrée PeeE Neur","2019",1,3,4
"August Lindt","2017",0,1,1
"Mike the Janitor","2016",0,2,2
"Gino Lombardo","2016",2,10,12
"Mayor Junius Bobbledoonary","2019",0,1,1
"Pope Benedict XVI","2012",0,1,1
"Dr. Traygo","2015",0,1,1
"Jack Sjunior","2012",1,0,1
"Jack Furz","2018",0,1,1
"Burgey Sullenberger","2019",0,1,1
"Tom Leykis","2013",1,1,2
"Chazmin","2015",1,0,1
"Fryvault","2013",1,0,1
"Sprague The Whisperer","2018",0,1,1
"Dimples","2016",0,1,1
"Chippy Dipps","2023",0,1,1
"Nikki Seven","2019",0,1,1
"The Contraptionaire","2022",0,1,1
"Martin Sheffield Lickly","2019",1,1,2
"Fagin Platt","2011",0,1,1
"Kevin Attenborough","2021",1,0,1
"Liz","2012",0,1,1
"Robby Delmuda","2023",0,1,1
"Dino and Shame","2018",0,1,1
"Ho Ho the Elf","2015",3,0,3
"Len Wiseman","2016",0,3,3
"Dagmar the Small","2021",1,0,1
"Coco Marx","2020",0,1,1
"Seth Wompler","2013",1,0,1
"O. J. Simpson","2022",0,3,3
"Scaroline","2016",0,1,1
"Mike the Janitor","2014",1,0,1
"Michael Jackson's Ghost","2015",0,1,1
"Dr. Traygo","2016",0,1,1
"Mary Lisa","2018",0,1,1
"Chico Davis","2013",0,1,1
"Don DiMello","2011",1,1,2
"Joey Tortellini","2015",1,0,1
"Charles Barkley","2022",0,1,1
"Santa Claus","2019",1,0,1
"The Mailer Daemon","2015",1,0,1
"Chip Gardner","2014",1,0,1
"Marissa Wompler","2014",2,2,4
"Bever Hopox","2019",0,1,1
"Messmore LeBaron","2017",0,1,1
"Ho Ho the Elf","2016",1,2,3
"Margery Kershaw","2021",1,0,1
"Scaroline","2015",0,1,1
"Michael Jackson's Ghost","2014",0,1,1
"R. Schrift","2014",1,0,1
"Eric ""Gutterballs"" Gutterman","2014",1,0,1
"Fourvel","2019",0,1,1
"Pastor Pasta","2021",1,0,1
"Italiano Jones","2021",1,0,1
"The Time Keeper","2020",1,0,1
"Sunny","2017",1,0,1
"Billy Crystal","2011",0,1,1
"Pamela from Big Bear","2019",0,1,1
"Bob Ducca","2013",0,2,2
"Chico Hands","2021",1,0,1
"Bill Cosby-Bukowski","2012",0,1,1
"Bueford LeBaron","2015",0,1,1
"Gino Lombardo","2015",1,5,6
"Mike the Janitor","2015",1,0,1
"El Chupacabra","2015",0,1,1
"Bueford LeBaron","2016",0,1,1
"Fourvel","2017",1,0,1
"Ho Ho the Elf","2014",0,1,1
"Bean Dip","2020",0,3,3
"Rudi North","2023",0,1,1
"Morpheus, The Dream Lord","2021",1,0,1
"Miss Listler","2013",1,1,2
"August Lindt","2019",0,1,1
"Gino Lombardo","2018",1,4,5
"Alan Thicke","2017",1,0,1
"Paul Giamatti","2010",0,1,1
"Marissa Wompler","2015",0,2,2
"Marissa Wompler","2016",0,1,1
"Jesse Ventura","2017",0,1,1
"Marissa Wompler","2018",0,1,1
"Jesse Ventura","2019",0,1,1
"Gino Lombardo","2014",0,4,4
"Cake Boss","2020",1,0,1
"Caine Sherman","2012",0,1,1
"Caroline BelindaCarlisle","2017",1,1,2
"Angelica Trashmouth","2016",0,1,1
"Gary Urbansky","2016",1,1,2
"Big Chunky Bubbles","2017",2,0,2
"Traci Rearden","2013",1,1,2
"Bjork","2012",0,3,3
"Inés Blarfi","2017",0,1,1
"Chucky Spliff","2017",1,0,1
"Shaden Gallbreath","2020",0,1,1
"Professor Stillwater","2015",0,1,1
"Bad Daddy Vlad","2015",0,1,1
"Margery Kershaw","2020",0,1,1
"Tyren Bigsby","2017",0,1,1
"Mark Orlando","2012",0,1,1
"Charlie “Burgey” Sullenberger","2020",1,1,2
"Arthur Steinborn","2012",0,1,1
"Shooter","2009",1,0,1
"The Bachelor Brothers","2013",1,0,1
"Jean Claude Pepi","2015",1,0,1
"Lindsey Cumdrop","2017",0,1,1
"Becky","2018",0,2,2
"Whitney Peeps","2016",0,3,3
"Orph Bergentrack","2017",1,0,1
"Dame Judi Dench","2020",0,1,1
"Bob Ducca","2010",1,5,6
"Al A. Peterson","2018",1,0,1
"James Cameron","2021",0,1,1
"Lane Driver","2021",0,1,1
"Danny Trejo Jr.","2018",0,1,1
"Janelle & Jolene Johnson","2013",0,1,1
"Santa","2016",0,2,2
"The Washington Monugents","2016",0,1,1
"Burt & Rauro Riley","2017",1,0,1
"Irena Stinchen","2010",0,1,1
"Girdle","2017",0,1,1
"Roman D’O’Grots","2018",0,1,1
"David Fiene","2011",0,1,1
"Scarsdale","2015",1,0,1
"Dick Butterfield","2015",0,1,1
"Spike and Ike Minksalmon","2022",1,1,2
"Banksy","2013",0,1,1
"Zoobi Condarino","2021",1,0,1
"Janice Caaf","2010",0,1,1
"Melissa","2018",0,1,1
"Orson Welles' Ghost","2012",0,1,1
"Jack Sjunior","2011",0,2,2
"Susan Christmas","2023",0,1,1
"Dr. Brian Blouse","2016",0,1,1
"Lang Armstrong","2017",0,1,1
"Nikki Sixx","2019",0,1,1
"Erma","2011",0,1,1
"Sebastian Yadagascar","2017",0,1,1
"Danielle Steel","2015",0,1,1
"Toph Shay","2012",1,0,1
"Stormy Kirkland","2023",0,1,1
"Jill Noll","2020",1,0,1
"Curious Latina","2011",0,1,1
"Sissy Montgomery","2017",0,1,1
"CJTETHEMAN9888_UNLIMITED","2022",0,1,1
"Trabitha Tarteen","2015",0,2,2
"Tater","2019",0,1,1
"Shemp A.","2019",0,1,1
"Don DiMello","2012",0,1,1
"Little Dammit Man","2016",0,1,1
"George Zimmer","2014",0,1,1
"Roland Gift","2020",1,0,1
"Wolfgang Puck","2021",0,1,1
"Don Donaldson","2017",1,0,1
"Jermaine Jones","2012",0,1,1
"Maximilian Lugner","2015",0,1,1
"Murf","2020",0,1,1
"Tierna Smarg","2023",0,1,1
"Jenfer Beudon","2015",0,1,1
"Dr. Bronner","2012",0,1,1
"Captain Moustache","2009",0,1,1
"Fourandahalfvel","2016",1,0,1
"JW Stillwater","2016",0,6,6
"Nick Nolte","2012",0,1,1
"Diane","2012",0,1,1
"Noprah","2019",0,1,1
"Uncle Stoney","2015",1,0,1
"Ranger Steve","2015",0,1,1
"Bashford and Franklin","2019",0,1,1
"Jeff Goldblum","2012",0,1,1
"Tracy","2012",1,0,1
"Gary","2020",0,1,1
"Brody Broderson","2018",0,1,1
"Jarles","2017",0,2,2
"Flavio the Greek","2010",0,1,1
"RumpleDimpleScream","2022",0,1,1
"Jack Lusty","2022",0,1,1
"Falkor","2017",0,1,1
"Samir Chakraborty","2018",0,1,1
"Joe Kupso","2019",0,1,1
"Susan & Jacob Brooks","2015",0,1,1
"Charlotte Hornette","2021",1,0,1
"Blind Samuel","2012",0,1,1
"Wade Boggs","2020",0,1,1
"Art Ketel One","2019",0,1,1
"Piper Adoggy","2022",0,1,1
"Uggams the Potato","2021",0,1,1
"Lester Brads","2020",0,1,1
"Fagin Platt","2012",0,1,1
"Dr. Anthony Fauci","2022",0,1,1
"Mutt Taylor","2020",0,1,1
"Papa Johns Misty","2017",0,1,1
"Winston Carmel","2022",0,1,1
"Clev","2020",0,1,1
"Lisa Bartin","2013",0,1,1
"Buck Tango","2021",0,1,1
"Mary Berry","2020",0,1,1
"Griff Hedgley","2020",1,0,1
"Carl","2017",0,1,1
"Gillzy","2012",0,1,1
"Dr. John","2022",1,0,1
"Gregory Smith","2019",0,1,1
"Tina Danish","2017",0,1,1
"Tito Ben","2016",0,1,1
"Voda the Gypsy","2014",0,1,1
"Dr. Martinia Johansson","2017",0,1,1
"Cicilia Chastaman","2019",1,0,1
"Jazz Martin","2009",0,1,1
"Officer Jay Gutwill","2014",0,1,1
"Leo Karpatze","2014",0,1,1
"Detective James P. Garetty","2019",0,1,1
"Dagmar the Small","2020",0,1,1
"Professor Stillwater","2016",0,1,1
"Shelly Driftwood","2016",1,0,1
"Ronna & Beverly","2013",0,1,1
"Ian Bean","2016",0,1,1
"Reverend T.P. Stain","2016",0,1,1
"Italiano Jones","2020",1,0,1
"James Gandolfini","2012",0,1,1
"Aaron Neville","2013",0,1,1
"Scarsdale","2016",0,1,1
"Spike and Ike Minksalmon","2023",0,1,1
"Bill Cosby-Bukowski","2011",0,1,1
"Bryson Tyson","2014",0,1,1
"Justin Hoffman","2017",0,1,1
"Randy Travels","2015",0,1,1
"Obi Ron Kenobi","2022",1,2,3
"David","2017",0,1,1
"Scott's nephew Todd","2013",0,1,1
"Tierna Smarg","2022",0,1,1
"JW Stillwater","2014",1,1,2
"Alimony Tony","2019",2,0,2
"Kareem","2015",0,2,2
"Paul Stanley","2009",0,2,2
"Pie Minister","2022",0,1,1
"Spaghetti Capellini","2019",0,1,1
"Clive Dundee","2014",1,0,1
"Rick Faber","2016",0,1,1
"Paul Funyuns","2014",0,1,1
"The Time Master","2016",0,1,1
"Burnt Millipede","2022",0,1,1
"Dr. John","2023",0,1,1
"Bone Queef","2022",0,1,1
"Bobby Bottleservice","2010",0,1,1
"Shelly Driftwood","2018",0,1,1
"Ben Alterman","2014",1,0,1
"The Rum Tum Tugger","2022",0,1,1
"Brock Lovett","2019",1,1,2
"Fabrice Fabrice","2013",0,1,1
"Santa","2015",2,0,2
"Ming","2017",2,2,4
"Carissa","2021",1,0,1
"Doug Gropes","2016",0,2,2
"Kareem","2014",1,0,1
"Gary Busey","2009",0,1,1
"Ghost Boy","2010",0,1,1
"Barry R","2012",0,1,1
"Cyberthug","2009",1,0,1
"Merrill Shindler","2012",0,2,2
"Shelly Driftwood","2015",0,2,2
"Todd","2019",1,4,5
"Werner Herzog","2019",0,1,1
"Chico Hands","2020",1,0,1
"Billy Crystal","2012",0,1,1
"Ice-T","2013",0,3,3
"Dalton Wilcox","2019",1,4,5
"Rick Faber","2014",0,1,1
"The Griz","2022",2,0,2
"Kayla Dickie","2018",0,1,1
"Leo Karpatze","2018",1,0,1
"Bob Ducca","2022",1,0,1
"Randy Snutz","2023",0,2,2
"Ice-T","2009",1,2,3
"JW Stillwater","2015",0,2,2
"Cake Boss","2012",1,2,3
"The Griz","2023",0,1,1
"Shelly Driftwood","2014",0,1,1
"Al A. Peterson","2016",1,2,3
"The Time Keeper","2021",0,1,1
"Cal Solomon","2021",1,0,1
"Paul Giamatti","2013",0,3,3
"Morpheus, The Dream Lord","2020",0,1,1
"Big Chunky Bubbles","2019",0,1,1
"Bean Dip","2021",1,0,1
"Jarles","2019",1,0,1
"Big Sue","2020",0,1,1
"Leo Karpatze","2016",0,1,1
"Leo Karpatze","2015",0,1,1
"Todd","2017",2,0,2
"JW Stillwater","2018",0,1,1
"John Lennon","2019",0,2,2
"The Chief","2021",1,0,1
"Garry Marshall","2010",0,1,1
"Lord Andrew Lloyd Webber","2019",0,2,2
"Hot Dog","2019",0,1,1
"John Lennon","2017",2,2,4
"Werner Herzog","2017",1,0,1
"Lord Andrew Lloyd Webber","2017",1,0,1
"Garry Marshall","2022",0,1,1
"Skip Weller","2021",0,1,1
"Tyra Grass","2022",0,1,1
"Jackenzie Bergentrack","2017",1,0,1
"Colonel Tick-Tock","2010",0,1,1
"Mart","2016",0,1,1
"Pam Steensma","2016",0,1,1
"R.J. Rise","2014",0,1,1
"McGruff the Crime Dog","2022",0,3,3
"Merrill Shindler","2010",0,2,2
"Melvin Pelvinon","2012",0,1,1
"Little Debbie","2021",0,1,1
"Franky Flush","2022",0,1,1
"Janelle Jinx","2017",0,1,1
"Tyler Wiffle","2020",0,1,1
"Nathan Hershey","2016",0,1,1
"Chip Garvey","2019",0,1,1
"New dad","2013",0,1,1
"The Chief","2022",0,2,2
"Captain Chesley “Sully” Sullenberger","2022",0,2,2
"Officer Marshal Sergeant","2022",0,1,1
"O. J. Simpson","2020",1,0,1
"Mr. Brainwash","2011",0,1,1
"Mark Hamill","2012",0,1,1
"Mr. Bread","2019",0,1,1
"Chastity Aspen","2019",1,0,1
"Corey A.","2019",0,1,1
"Saul Goodman","2012",0,1,1
"Brady","2019",0,1,1
"Mr. Books","2023",0,1,1
"Tierna","2022",1,0,1
"Emily Grandchildren","2018",1,0,1
"Johnny Scat","2022",0,1,1
"Emile Gerard","2022",0,1,1
"Gino Lombardo","2019",2,4,6
"Rich Mind Vain","2016",0,1,1
"Bethany Waterbottle","2022",1,0,1
"Keith Stanley","2022",1,0,1
"Brantley Aldean","2019",2,1,3
"Fabrice Fabrice","2011",0,2,2
"Ghost of Harry Crane","2015",0,1,1
"Joe Bongo","2018",0,1,1
"Pope Benedict XVI","2013",0,1,1
"James Gandolfini","2010",1,0,1
"Mr. Camp","2021",0,1,1
"Brock Stone","2016",0,1,1
"Jergen Tavikya","2018",0,1,1
"Drew L. Barrymore","2023",0,1,1
"Harper L. Cosmopolitan","2021",0,1,1
"Bob and Cherilyn Wessex","2020",0,1,1
"Ray Romano","2009",0,1,1
"Emma Simon Knee-Keller","2022",0,1,1
"Bennett Stephens","2010",0,1,1
"Bill Diesel","2013",0,1,1
"Sappity Tappity","2014",0,1,1
"Crapy the Reindeer","2021",1,0,1
"Silver Screen Sammy","2023",0,1,1
"Frank Stallone","2013",1,1,2
"Toluca Graves","2017",0,1,1
"Crenshaw","2023",0,1,1
"Dr. Frankie Beans","2015",0,1,1
"Jim Bolt","2023",0,1,1
"Richard Dalton","2009",0,1,1
"JJ and Murphy O'Malaman","2015",1,0,1
"Jack Furz","2019",0,1,1
"Snake Eyes","2023",0,1,1
"Tootie","2020",1,0,1
"Celine Dion","2018",0,1,1
"Alli","2014",0,2,2
"Mary Lisa","2017",0,1,1
"Xzibit","2019",0,1,1
"Rusell Karate","2020",0,1,1
"Tony Wyoming","2020",0,1,1
"Nana Aukerman","2020",0,1,1
"Patty Pecker","2016",0,1,1
"Dar the Beast Master","2020",0,1,1
"Cynthia Blake","2022",0,1,1
"VAAMM","2023",0,1,1
"Pammy & Earl Bixby","2014",0,1,1
"Rizzoli","2012",0,1,1
"Tom Leykis","2012",1,0,1
"Del LaRue","2012",0,1,1
"Bean Dip","2022",0,1,1
"Joey Tortellini","2019",0,2,2
"Superman","2022",0,1,1
"Charles Barkley","2011",0,1,1
"Cecil Sotheby","2022",0,1,1
"Mathilda Primble","2019",0,1,1
"Big Jim Slotzman","2009",0,1,1
"Gary the Robot","2021",0,1,1
"Gavin's Friend","2021",0,1,1
"Leslie Schecter","2011",0,1,1
"Pamela from Big Bear","2016",1,3,4
"Dimples","2019",0,1,1
"Henry","2022",0,1,1
"Rosie Jipps","2017",0,1,1
"Atherton Witherflower","2015",0,1,1
"Jim Belushi","2012",0,1,1
"Elaine the Dragon","2015",0,1,1
"Killiam","2018",1,0,1
"Clark Griswold","2013",0,1,1
"Ted Ronson","2016",1,0,1
"Michael Phelps","2012",0,1,1
"Sisqó","2022",0,1,1
"Jerry Jimson","2009",0,1,1
"Cheri Oteri","2013",0,1,1
"Craig & Ron Bieber","2016",0,1,1
"Fourvel","2016",1,1,2
"Paul Giamatti","2011",0,1,1
"Trish Maxwell","2020",0,1,1
"Santa Claus","2018",1,0,1
"'Shell","2021",0,1,1
"Be-Be Dubs","2013",0,1,1
"Sherry Barrels","2020",0,1,1
"Pudge","2023",0,1,1
"Hauntettes","2013",0,1,1
"Rhonda DeLuce","2015",0,1,1
"Amber Bolt","2022",0,1,1
"Steve Explosione","2015",0,1,1
"Matt Knight","2016",0,1,1
"Ralph and Olivia Slodge","2019",0,1,1
"Barry R","2010",0,2,2
"Shimmy","2022",2,3,5
"Stephen Hawking","2012",0,1,1
"Tricia R.","2017",0,1,1
"Gollum","2019",0,1,1
"Mr. Fastidious","2019",0,1,1
"Len & Pam Bicell","2012",0,1,1
"Ric Bic","2015",0,1,1
"Marla Charles","2014",0,1,1
"Elvis Presley","2023",0,1,1
"Glen Plapinger","2023",0,1,1
"Messmore LeBaron","2014",0,1,1
"Chunt","2016",0,1,1
"Tony and Lucille Restaurantino","2019",0,1,1
"Jonathan Track","2019",0,1,1
"D'Artagnan Bergentrack","2017",1,0,1
"Lisa Taco","2016",0,1,1
"Rupert Sharp","2019",1,0,1
"Monika Smith","2022",0,1,1
"Keantwo Reeves","2018",0,1,1
"Randy Useless","2019",0,2,2
"Ho Ho the Elf","2017",1,0,1
"Bernie Fretts","2014",0,1,1
"Darren Matichek","2019",2,0,2
"Scaroline","2017",0,1,1
"David Bunting","2015",1,0,1
"Huell Howser","2019",0,1,1
"Joe Bongo","2015",1,0,1
"Sunny","2016",0,2,2
"Skipp Dribbles","2016",0,1,1
"JJ and Murphy O'Malaman","2016",2,0,2
"Mary Lisa","2019",0,2,2
"Randy Snutz","2021",3,0,3
"Donny Gary","2022",0,1,1
"Don DiMello","2010",1,0,1
"Carissa","2022",0,1,1
"Alan Thicke","2016",1,1,2
"Garry Marshall","2012",1,3,4
"H.R. Giger","2021",0,1,1
"Harland Haywood","2022",0,1,1
"Ghost Boy","2012",0,1,1
"Bill Carter","2014",1,0,1
"Pudge","2022",0,2,2
"Skints McGlinty","2019",0,1,1
"Bever Hopox","2018",1,0,1
"Noel","2023",0,1,1
"Carl Smart","2017",0,1,1
"Batman","2019",0,1,1
"Mimsy Campbell","2022",0,1,1
"Sunny","2015",1,0,1
"Bill Cosby-Bukowski","2013",0,3,3
"Cal Solomon","2022",1,1,2
"Bean Dip","2023",0,3,3
"Chazmin","2019",0,1,1
"R. Schrift","2017",1,0,1
"Martin Sheffield Lickly","2018",1,0,1
"Shimmy","2023",0,1,1
"Burnt Millipede","2021",0,1,1
"Scott Jeffries","2018",0,1,1
"Lil' Gary","2010",2,1,3
"August Lindt","2014",1,0,1
"Mike the Janitor","2017",0,2,2
"Gil Faizon","2012",1,0,1
"Alan Thicke","2014",0,2,2
"Bisby St. Hancock","2021",1,0,1
"Bever Hopox","2014",1,0,1
"Byron Denniston","2015",0,1,1
"Cal Solomon","2023",0,1,1
"Chazmin","2017",1,0,1
"Bueford LeBaron","2017",0,1,1
"Ho Ho the Elf","2019",0,1,1
"Cake Boss","2010",1,2,3
"Messmore LeBaron","2015",0,1,1
"Gino Lombardo","2017",5,5,10
"Byron Denniston","2018",0,1,1
"The Time Keeper","2022",0,1,1
"The Griz","2021",1,0,1
"Marissa Wompler","2017",0,2,2
"Alan Thicke","2015",2,0,2
"Fourvel","2014",1,1,2
"Entrée PeeE Neur","2018",1,0,1
"Bob Ducca","2012",0,1,1
"Sprague The Whisperer","2019",1,2,3
"The Chief","2023",0,2,2
"Byron Denniston","2014",1,0,1
"Rudi North","2020",1,0,1
"Mike the Janitor","2019",0,1,1
"Jesse Ventura","2016",1,0,1
"Miss Listler","2012",1,0,1
"El Chupacabra","2017",1,0,1
"Cake Boss","2022",0,1,1
"Jesse Ventura","2014",0,2,2
"Marissa Wompler","2019",0,1,1
"Willamina Wonka","2019",0,1,1
"Quita Baxter","2021",1,0,1
"Janice Cramps","2017",1,0,1
"Cutie Cake","2015",0,1,1
"El Chupacabro","2013",1,0,1
"Derek Contrera","2017",1,0,1
"Topher Schmidty","2019",0,1,1
"Dr. Lionel Drioche","2015",0,2,2
"Denise Funt","2015",0,1,1
"Dean Hormel","2022",0,1,1
"Australian Dad on a Holiday","2023",0,1,1
"Maurice Flatbottom","2021",0,1,1
"Ton Liman","2015",0,1,1
"Johnny Depp","2022",1,0,1
"Pam Carton","2017",0,1,1
"Kelvin","2022",0,1,1
"Judy North","2019",0,1,1
"C-Czar","2014",0,1,1
"Gareth Cloakman","2021",0,1,1
"Darren Matichek","2021",1,0,1
"HP-DP-69B","2014",1,0,1
"Todd Padre","2022",0,2,2
"Tic-Tac","2010",0,1,1
"Larry Blackmon","2018",0,1,1
"Good One Robot","2013",0,1,1
"Angeylinaaa","2017",0,1,1
"Taylor Slow","2010",0,1,1
"Erupt","2018",0,1,1
"The Shaman","2009",0,1,1
"Carmine","2018",0,1,1
"The Sheriff of Nottingham","2012",0,1,1
"Lou Ciello","2014",0,1,1
"Dr. Green","2017",1,1,2
"Delna","2015",0,1,1
"Korbato Krim","2023",0,1,1
"Maude","2011",0,1,1
"Alister Brown","2021",1,0,1
"Dr. Julius Jackson","2016",0,1,1
"J. Montgomery Scott","2010",0,2,2
"Mackenzie Bergentrack","2017",1,0,1
"Crystal Del Rey Jenner","2020",0,1,1
"Mrs. and Mr. Dash","2021",0,1,1
"Benjamin Susix III","2015",0,1,1
"Clint Screams","2019",0,1,1
"Nathan Brantley","2009",0,1,1
"Mr. Monroe","2020",0,1,1
"Pearl Henderson","2022",0,1,1
"Byron Denniston","2013",0,1,1
"Damian Vast","2010",0,1,1
"Bridgette Murphy","2014",1,0,1
"Tobias Boothby","2022",0,1,1
"Bane","2018",0,1,1
"Ducky Powell","2013",1,1,2
"Luke","2018",0,1,1
"Qthor","2014",0,1,1
"Brendin' Fishin'","2019",0,1,1
"Gigantic Dan","2020",0,1,1
"Randy Snutz","2017",0,1,1
"Beverly Gunt","2016",0,1,1
"Guy Le Biscuit","2016",0,1,1
"Destiny","2023",0,1,1
"Lon Smudge","2013",0,1,1
"Susan Greenberg","2017",0,1,1
"Lord Dingle","2017",0,1,1
"Dorothy Charlessss","2018",0,1,1
"Gary Candles","2021",0,1,1
"Ivanka Silversan","2015",0,1,1
"Tamara G","2012",0,1,1
"Andy Pappage","2015",0,1,1
"Anniversary Man the Demon","2023",0,1,1
"Robert Canasta","2023",0,1,1
"Bridget Jones","2022",1,1,2
"Darlington Cassel","2018",0,1,1
"Joe Squib","2017",0,1,1
"Mrs. Blarrr","2016",0,1,1
"Lindsay McMulligan","2021",0,1,1
"Myrtle McGee","2022",0,1,1
"P'Nut","2017",1,0,1
"Michael Explosione, Jr.","2015",0,1,1
"Mr. Sing","2023",0,1,1
"Stash Polinyac","2010",0,1,1
"Olivier & Wiliger Wronge","2016",1,1,2
"Gordon Ramsay","2013",0,1,1
"Jim Jones","2012",0,1,1
"Sprague The Whisperer","2021",2,2,4
"Alimony Tony","2022",0,2,2
"Scapegoat Smith","2022",0,1,1
"Dr. Peter Fash","2018",0,1,1
"Trice E","2012",0,1,1
"Zach Swasson","2016",0,1,1
"Peanut Parton","2022",1,1,2
"Virginia Patricia","2019",1,0,1
"Slippy Daniels","2018",1,0,1
"Dr. Bill Phil","2016",0,1,1
"Big One","2018",1,0,1
"Chief Inspector Yoplait","2017",0,1,1
"Tricia L.","2017",0,1,1
"Carol Sheldon","2014",0,1,1
"Huanhuan the Olympic Mascot","2012",0,1,1
"Missy & Winsome Prejudice","2015",0,1,1
"Kirk Rocker","2009",0,1,1
"Anthony Rivera","2009",0,1,1
"Clive Dundee","2011",0,1,1
"Kurt Slammer","2023",0,1,1
"Peter Finn","2016",0,2,2
"Angel Coliciwo","2016",0,1,1
"Jeff","2020",0,1,1
"Appetizer PeeE Neur","2019",1,0,1
"Pastor Rhe Holner","2010",0,1,1
"Skints McGlinty","2021",1,0,1
"Vance H.","2018",0,1,1
"The Kid Who Saw Mommy Kissing Santa Claus","2020",1,0,1
"Logan Conley","2014",0,1,1
"George Washington Carver","2020",0,1,1
"Dorothea Shirley","2015",0,1,1
"Fitch Pender ","2015",0,1,1
"Alan Rickman","2011",0,1,1
"Corny Grandpa","2015",0,1,1
"Don Darling","2016",0,2,2
"Isles","2012",0,1,1
"Beth","2018",1,0,1
"Sarah Silverman","2013",0,1,1
"Arnold Clem","2017",0,1,1
"Tom Jimson","2015",0,1,1
"Yogi Gussy","2019",0,1,1
"B Money Dubbz","2013",0,1,1
"Crap Pollo","2016",0,1,1
"Sherry Pie","2023",0,1,1
"Pat and Scat Hamptoncrat","2018",1,0,1
"Idaho","2018",0,1,1
"Scott Jeffries","2013",0,1,1
"Bone Queef","2017",1,2,3
"Nancy Cooper","2012",0,1,1
"Norm Hamer","2016",1,0,1
"HP-DP-69B","2016",0,1,1
"Lord Andrew Lloyd Webber","2010",4,3,7
"Tom Boreman","2016",0,1,1
"The Rum Tum Tugger","2019",0,1,1
"Dov Charney","2012",0,1,1
"Brock Lovett","2022",2,1,3
"Deb","2019",0,1,1
"Patrick McMahon","2014",1,0,1
"This Is Your Boy Troy","2017",0,1,1
"Bob Ducca","2019",0,1,1
"Mr. Camp","2019",0,1,1
"Joan Pedestrian","2021",0,1,1
"Bishop R.L. Bakes","2020",0,1,1
"Harmony Moongloss","2016",0,1,1
"Seth Berkowitz","2020",0,1,1
"Bridget Jones","2023",0,1,1
"Lavinia Marsh Caruthers","2021",0,1,1
"Mall McCartney","2013",0,1,1
"Myrtle McGee","2023",0,1,1
"Kiwi Kris","2019",0,1,1
"Peter Griffin","2019",0,1,1
"Dr. Peter Fash","2016",0,1,1
"Jarles","2022",3,0,3
"Brian Pieces","2012",1,0,1
"Morpheus, The Dream Lord","2018",2,1,3
"Dr. Frasier Boss","2011",0,1,1
"Chip Gardner","2012",0,1,1
"Carmella Areola","2021",0,1,1
"Miss Listler","2019",0,1,1
"Mary Berry","2018",0,1,1
"P.A.I.G.E.","2022",1,0,1
"Beth","2016",1,1,2
"Michael Jordan","2022",0,1,1
"Petey Tweety","2019",0,1,1
"Francesca Bolognese","2022",1,2,3
"Leo Karpatze","2020",0,1,1
"Margery Kershaw","2018",1,0,1
"Becky","2020",0,2,2
"Jesse Ventura","2013",1,4,5
"Jean Rottenberry","2016",0,1,1
"Hot Dog","2023",0,2,2
"Chico Hands","2018",1,0,1
"Jack Furz","2021",0,1,1
"Big Sue","2016",0,3,3
"Alan Thicke","2013",1,3,4
"Dash Grabum","2019",1,1,2
"Bisby St. Hancock","2017",1,0,1
"Liz","2014",0,1,1
"Archie Butts","2016",0,1,1
"Ernie Bread","2017",1,0,1
"Willard ""Willy"" Mapleton","2017",0,1,1
"Francesca Bolognese","2023",0,1,1
"Mary Lisa","2021",0,1,1
"Randy Snutz","2019",1,0,1
"Big Sue","2015",0,1,1
"Bro","2012",1,0,1
"Bueford LeBaron","2012",0,1,1
"Ghost Boy","2017",0,1,1
"John Lennon","2022",0,2,2
"Marissa Wompler","2012",3,2,5
"Big Chunky Bubbles","2023",0,1,1
"Ernie Bread","2019",0,1,1
"Bone Queef","2019",0,1,1
"El Chupacabra","2012",1,2,3
"Fourvel","2013",1,0,1
"Bisby St. Hancock","2019",0,1,1
"Big Chunky Bubbles","2022",1,1,2
"Lord Andrew Lloyd Webber","2023",0,2,2
"Mike the Janitor","2021",1,0,1
"Victor Diamond","2017",0,1,1
"Miss Listler","2017",0,2,2
"Hot Dog","2022",1,0,1
"Chico Hands","2014",1,0,1
"Dalton Wilcox","2022",1,0,1
"Brock Lovett","2023",0,1,1
"Mike the Janitor","2012",0,1,1
"Doug Gropes","2020",0,1,1
"Bill Walton","2021",1,1,2
"Huell Howser","2012",0,3,3
"Bob Ducca","2017",1,0,1
"Werner Herzog","2022",0,1,1
"Garry Marshall","2017",1,0,1
"Jesse Ventura","2009",1,0,1
"JW Stillwater","2020",1,0,1
"Justin the Pickup Artist","2021",0,1,1
"Dalton Wilcox","2023",0,1,1
"Lord Andrew Lloyd Webber","2022",0,1,1
"Gino Lombardo","2021",3,0,3
"John Lennon","2023",0,1,1
"Pam John","2014",0,1,1
"Dirk Thirsty","2018",1,0,1
"Ho Ho the Elf","2020",1,0,1
"Tiny","2014",1,2,3
"Bitsy Boo-Carmichael","2015",0,2,2
"Reverend Robert Parsimony","2015",1,1,2
"Judge Heaux Brown","2019",0,2,2
"Orville Redenbacher","2020",1,0,1
"Leo Williams","2018",0,1,1
"Margie Donk","2014",0,1,1
"Salantame","2015",1,0,1
"Hypnoto the Mesmerist","2018",0,1,1
"Mike","2020",0,1,1
"JoJo Benassi","2020",0,1,1
"Cody","2023",0,1,1
"Bicky","2022",1,1,2
"Timmy","2018",0,1,1
"Chris Matthews","2017",1,0,1
"Young Scott Aukerman","2022",0,1,1
"Dude Fiero","2022",0,1,1
"Coco Marx","2014",1,0,1
"Matilda","2016",0,1,1
"Edmond Carlyle","2016",1,0,1
"Tommy Scuzz","2017",1,0,1
"Bullets Jackson","2020",1,0,1
"Grandma Jonesy","2010",0,1,1
"Henry Heimlich","2022",0,2,2
"Ron Snapper","2022",0,1,1
"Brad Hammerstone","2015",1,0,1
"Pimsy the Elf","2010",1,0,1
"Big Sue Claus","2018",1,0,1
"Shaggy","2012",0,1,1
"Rod Ogg","2012",1,0,1
"Russ","2014",0,1,1
"Little Bump","2016",0,1,1
"Slow Pesci","2017",1,0,1
"Chester Tumphrie","2020",0,1,1
"Jesse Ventura","2010",3,4,7
"Alan Stubbs","2022",1,0,1
"Renalda","2016",0,1,1
"Golly","2014",1,0,1
"Chad Warren","2015",1,0,1
"Fred Guinness","2023",0,2,2
"Mark Van Driel","2012",0,1,1
"Joan Pedestrian","2020",0,1,1
"Willee Lippcshitz","2019",0,1,1
"Jack Pot","2018",1,0,1
"Darryl Who","2021",0,1,1
"Sam Darling","2011",0,1,1
"Leia","2023",0,1,1
"Allen Woody","2019",0,1,1
"Steve Spinx","2022",1,0,1
"The Time Keeper","2016",2,3,5
"Hot Dog","2013",0,1,1
"Gustav Dudamel","2016",0,1,1
"Jazz Jazz the Barber","2013",0,1,1
"Bishop R.L. Bakes","2021",0,1,1
"Craig Pullin","2012",0,1,1
"Bathina Salts","2022",0,1,1
"Donny Gary","2016",1,0,1
"Dreama Peaches","2014",0,1,1
"Cabin Fevver","2023",0,1,1
"Maximo Tootie","2022",0,1,1
"Nancy Yi","2018",0,1,1
"Tob Handlez","2016",0,1,1
"Ellen Norton-Simon Harris-Finley Finister","2022",0,1,1
"Ethan Coen","2011",0,1,1
"Tanya Baxter","2021",1,0,1
"Dave Theune","2022",0,1,1
"Mary Ford","2020",0,1,1
"Branston Chastman","2019",1,0,1
"Kimmy","2013",1,0,1
"Cal Solomon","2016",1,1,2
"Mr. G","2013",0,1,1
"Mikhail Titscoffski","2016",0,1,1
"Chris and Chris Starbo","2020",1,0,1
"Regina Crimp","2016",0,2,2
"Trish Trasch","2016",0,1,1
"Kanye East","2010",0,1,1
"Auntie Renee","2020",0,1,1
"Woody Allen","2016",0,1,1
"Antonio Lambrinidis","2020",1,0,1
"Lena Dunne Homme","2022",0,1,1
"Lucy Bukater","2022",1,0,1
"Bill Rantin","2020",0,1,1
"Matt Yanni","2015",0,1,1
"Philippe Meloco","2014",1,0,1
"Barry Big","2018",0,1,1
"Eddie Lee Capers","2021",1,0,1
"Murphy O'Malaman","2016",0,1,1
"Tracy M.","2019",1,0,1
"Charles Manson","2017",0,1,1
"Doreen Blachly","2019",0,1,1
"Dickie Donnelly","2022",0,2,2
"Tommy the Green Power Ranger","2021",0,1,1
"Prince Chinedu","2017",0,1,1
"Chief Queef","2012",0,1,1
"Bryce Cripple","2016",0,1,1
"Smaug","2014",0,1,1
"K of the Cosmos","2014",0,1,1
"Liz Mathers","2014",1,0,1
"Sammy Samantha","2021",0,1,1
"Jasky Tasky","2019",0,1,1
"Perry Gordon","2019",0,1,1
"Rudi North","2019",1,2,3
"Dalton Wilcox","2013",0,1,1
"Gringo Starr","2017",0,1,1
"Vin Diesel","2015",0,1,1
"Brian Pieces","2011",0,1,1
"Victor Ramos","2013",0,2,2
"Martin Sheffield Lickly","2022",0,2,2
"Peppers McGilly","2018",1,0,1
"Evan","2013",0,1,1
"Randy H. Over","2019",0,1,1
"Chris Creen","2019",0,1,1
"Bill Carter","2010",0,1,1
"Craigory James","2016",0,1,1
"Chrysanthemum Trummers","2021",0,2,2
"Eugenia Wobbles","2019",0,1,1
"Joe ""Pinions"" Rudolph","2017",0,1,1
"Dr. Frasier Boss","2012",0,1,1
"Karen Porter","2013",0,1,1
"Old Man Juarez","2012",0,1,1
"Squawks","2020",0,1,1
"BB-8","2015",0,1,1
"Chip Gardner","2011",1,0,1
"Ramsey Wayne","2014",0,1,1
"Mariska Beenaboutta","2022",0,1,1
"Phil Wiggins","2019",0,1,1
"Carmine DeLonge","2022",1,0,1
"Marissa Wompler","2011",1,1,2
"Veronica","2014",0,2,2
"Christopher Hitchens","2012",1,2,3
"Sylvester Stallone","2013",1,0,1
"'China'","2016",1,0,1
"Leanne","2023",0,1,1
"Raymond Flapper","2016",0,1,1
"Bob Cage","2011",0,1,1
"The Super Secret Shopper","2019",0,1,1
"Amber Lee Tots","2020",0,1,1
"Andrew Dice Clay","2017",1,0,1
"Chris Dante","2016",0,1,1
"The Answer Seeker","2021",0,1,1
"Baby Boy Boy","2021",0,1,1
"Kyle Bennet","2016",0,1,1
"Wally Cobb","2016",0,1,1
"Kaitlin","2019",1,0,1
"Lisa Porsche","2016",0,1,1
"Mark Zuckerberg","2010",0,1,1
"Johnny “Delta” Johnson","2017",0,1,1
"Mark Patsy","2021",0,1,1
"Peonis Pilates","2022",0,1,1
"Tiny","2015",0,4,4
"Bitsy Boo-Carmichael","2014",0,1,1
"Salantame","2016",0,1,1
"Bicky","2023",0,1,1
"Albert Roe","2022",0,1,1
"Henry Heimlich","2023",0,1,1
"Danny Mahoney","2009",1,0,1
"Captain Chesley “Sully” Sullenberger","2016",0,3,3
"O. J. Simpson","2019",1,2,3
"Brad Hammerstone","2014",0,2,2
"The Washington Monugents","2012",0,1,1
"Miss D.","2014",0,1,1
"Byron Denniston","2023",0,1,1
"Orson Welles' Ghost","2014",0,1,1
"Sir Sean Connery","2013",0,1,1
"Carmella Pointe","2016",0,1,1
"Carly","2012",0,1,1
"Bro","2011",1,0,1
"Original Fig","2022",0,2,2
"Percy Perryweather","2014",0,1,1
"Matilda Gravyman","2022",0,1,1
"Captain Moustache","2019",0,1,1
"Nick Nolte","2016",0,1,1
"Bueford LeBaron","2011",0,1,1
"Atherton Witherflower","2022",0,1,1
"Prince Chinedu","2019",0,1,1
"Cactus Tony","2014",1,0,1
"Liza Minnelli","2012",0,1,1
"Cordwood Pete Bunyan","2022",0,1,1
"Rudi North","2017",1,0,1
"Bill Walton","2020",1,1,2
"'China'","2015",1,0,1
"Roger Peculiar","2020",1,0,1
"Messmore LeBaron","2010",0,1,1
"Keith Jones","2016",1,0,1
"Reverend Robert Parsimony","2016",0,1,1
"Margie Donk","2016",0,1,1
"Darren Matichek","2020",1,0,1
"The Bachelor Brothers","2017",0,1,1
"Fred Head","2022",0,1,1
"The Time Keeper","2015",2,1,3
"Skipp Dribbles","2022",0,1,1
"Seth Berkowitz","2021",0,1,1
"Regina Crimp","2014",0,1,1
"Charles Manson","2019",0,1,1
"Captain Moustache","2017",0,1,1
"Richard Harrow's Ghost","2016",0,2,2
"Reverend Robert Parsimony","2014",1,1,2
"Bjork","2014",0,1,1
"Dov Charney","2011",0,2,2
"Byron Denniston","2022",2,0,2
"Chris Mindy","2010",1,0,1
"Bean Dip","2018",0,2,2
"The Contraptionaire","2017",0,1,1
"Cake Boss","2016",0,4,4
"Santa Claus","2022",0,1,1
"Todd","2013",0,1,1
"Tiny","2016",1,3,4
"Merrill Shindler","2014",0,1,1
"August Lindt","2010",1,0,1
"Huell Howser","2011",0,2,2
"Fabrice Fabrice","2019",0,1,1
"Don DiMello","2014",2,0,2
"Shelly Driftwood","2021",0,1,1
"Entrée PeeE Neur","2022",0,1,1
"Werner Herzog","2013",1,2,3
"Sprague The Whisperer","2020",2,1,3
"Leo Karpatze","2021",0,1,1
"Traci Rearden","2017",0,1,1
"August Lindt","2023",0,1,1
"Don DiMello","2016",0,1,1
"Lord Andrew Lloyd Webber","2013",2,3,5
"Gino Lombardo","2020",4,1,5
"Al A. Peterson","2021",1,0,1
"Cal Solomon","2018",1,0,1
"El Chupacabra","2011",0,2,2
"Cake Boss","2015",1,0,1
"Cake Boss","2014",1,1,2
"Leo Karpatze","2022",0,1,1
"Scott Jeffries","2012",0,2,2
"Kanye West","2015",0,1,1
"Eddie Floatley","2013",0,1,1
"Jeffrey Characterwheaties","2015",1,0,1
"Ted Kemper","2019",0,1,1
"Colin Ramsey","2017",0,1,1
"Dagmar the Small","2017",1,2,3
"Tam Pasture","2023",0,1,1
"Adjacent Mantzoukas","2022",0,1,1
"Ted Newguy","2023",0,1,1
"Belissima","2015",1,0,1
"Maya Angelou","2010",0,1,1
"Sharon","2020",1,0,1
"Ursula","2023",0,1,1
"DJ Forsythia","2012",0,1,1
"Nancy Cooper","2013",0,1,1
"Norm Hamer","2017",1,0,1
"Katie Wong","2014",1,0,1
"Jack Fitzgerald","2013",0,1,1
"Thomas Mashed-Potatoes","2022",0,1,1
"Jacob Cloudy","2015",0,1,1
"Willard ""Willy"" Mapleton","2016",1,3,4
"Seth Wompler","2015",0,2,2
"Lord Andrew Lloyd Webber","2011",0,3,3
"Albert Roe","2021",1,2,3
"JP Fossord","2021",0,1,1
"Margita Chelco","2016",0,1,1
"Max the Dog","2022",0,1,1
"Chandeline Jean","2017",0,1,1
"Susie Tewman","2023",0,1,1
"Jed Kemper","2019",0,1,1
"Snagglepuss","2012",0,1,1
"Lloyd Garterbelt","2022",0,1,1
"Ross Geller","2017",0,1,1
"This Is Your Boy Troy","2016",0,1,1
"The Watch Maker","2016",0,1,1
"Fred Head","2021",1,0,1
"Michael Lindsay-Hogg","2021",1,0,1
"Bang Rodgers","2015",1,0,1
"Bunty Pickles","2017",0,1,1
"Mike the Janitor","2013",1,0,1
"Coach Joel GanVundi","2019",0,1,1
"Dabney","2015",0,2,2
"Dicker Troy","2016",0,1,1
"Gino Carpuzzi","2020",1,0,1
"Bobby Jenson","2009",0,1,1
"Kylie Bloom","2011",0,1,1
"Ken Lunch","2023",0,1,1
"Amy Sleeverson","2020",0,1,1
"Mary Jane Kim","2021",0,1,1
"Usidore the Blue","2016",0,1,1
"Michael Explosione, Sr.","2015",0,1,1
"Nookie","2020",1,0,1
"Manic Jimmy Stewart","2011",0,1,1
"Bob Parks","2021",0,1,1
"Chris Grezlik","2019",0,1,1
"Ms. Anderson","2015",0,1,1
"Michael Jackson's Ghost","2009",0,1,1
"Ethel Branscome","2012",0,1,1
"Frank Caliendo","2012",0,1,1
"Frederick Rogers","2017",0,1,1
"Yaslenny Madelin","2021",0,1,1
"Brett","2023",0,1,1
"Dr. Traygo","2013",0,1,1
"Queen Cleopatra","2018",0,1,1
"Harmony Moongloss","2019",0,1,1
"Conchneee","2018",0,1,1
"Joel Coen","2011",0,1,1
"Anaheim Dumpsterbitch","2022",0,1,1
"Dale Creamy","2020",0,1,1
"Cody Calavera","2016",0,1,1
"American Jimmy","2023",0,1,1
"Leonard Jonas","2019",0,1,1
"Coach Billips","2021",0,1,1
"Mr. Monster","2023",0,1,1
"Dinky Liddle","2016",0,1,1
"Eli Fuseli","2021",0,1,1
"Johnny Bikes","2017",0,1,1
"Liberty DeVito","2017",0,1,1
"Alfie Kangas","2015",0,1,1
"Lorenzo Borgia","2021",0,1,1
"Tim Bullock","2022",0,1,1
"MC Sugar Butt","2022",1,2,3
"Big Sue","2019",1,1,2
"Michael Crappaport","2010",0,1,1
"Chase Varner","2018",1,0,1
"Mrs. Potts","2015",0,1,1
"Trey Bergentrack","2017",1,0,1
"Martha","2022",0,1,1
"Dina Dennis","2019",0,1,1
"Mr. Met","2019",0,1,1
"Kyle Chutney","2023",0,1,1
"Gil Faizon","2015",2,0,2
"Ydeda Elaine Brown","2016",0,1,1
"Bud Frakely","2021",0,1,1
"Claire Woodruff","2010",0,1,1
"Original Fig","2021",0,1,1
"Fryvault","2014",1,0,1
"Doug Gropes","2022",1,2,3
"JT McDowell","2012",0,1,1
"Kiwi Kris","2018",1,1,2
"Ricky Johnson","2023",0,1,1
"Dash Grabum","2018",1,1,2
"Stanley Chamberlin","2019",2,0,2
"Peter Griffin","2018",1,0,1
"Lin-Manuel Miranda","2018",0,1,1
"Jerry","2010",1,0,1
"Pie Minister","2014",0,1,1
"H.R. Giger","2015",0,1,1
"Harry Styles","2022",0,2,2
"Leo Carnell","2010",0,1,1
"Dirt","2020",0,1,1
"Sweatch","2018",0,1,1
"Marty Motorcycle","2023",0,1,1
"Curtis","2017",0,1,1
"Felix Heist","2016",0,1,1
"Devil Yeti","2016",0,1,1
"Daniel Kolodjiez","2023",0,1,1
"The Clock Facer","2016",0,1,1
"Mark Johnson, Sr.","2013",0,1,1
"Mickey Babyboy","2021",0,1,1
"Tony Nails","2023",0,1,1
"Officer Dick Butterfield","2009",0,1,1
"Boris Darchinian","2010",0,1,1
"Dr. Sweetchat the Small Talk Robot","2022",1,1,2
"Tired Lady","2011",0,1,1
"Francis Stork","2020",0,1,1
"Chin Dollhouse","2015",0,1,1
"Bobby Flay","2022",0,1,1
"Ghost Boy","2014",0,1,1
"Chaniel Leftrowbottom","2021",0,1,1
"Morpheus, The Dream Lord","2017",0,2,2
"Ronnie and Gunk Little","2023",0,1,1
"Cast Iron","2020",0,1,1
"Ruth Debevoise","2023",0,1,1
"Jeoff and Geoff","2021",1,0,1
"Bill Smither","2023",0,1,1
"Eileen Dogg","2022",0,1,1
"Miss Listler","2015",0,2,2
"Bisby St. Hancock","2018",1,0,1
"George W. Bush","2014",0,1,1
"Jack Sparks","2016",0,1,1
"Cameron McGonigle","2017",1,0,1
"Deb Tunt","2021",0,1,1
"Dairy Queen","2020",1,0,1
"Chuck Plyman","2019",1,0,1
"Brooke Flagstaff","2022",0,1,1
"Rickster","2015",1,0,1
"Marco","2015",0,1,1
"Bob Cat","2018",0,1,1
"Lusciously","2020",0,1,1
"Tommy","2016",0,1,1
"Tommy Malone","2010",0,1,1
"Rene Faberge","2017",0,1,1
"P.A.I.G.E.","2020",1,0,1
"Gary Urbansky","2022",0,1,1
"Janice Cramps","2016",1,0,1
"Adjacent Mantzoukas","2023",0,1,1
"Margery Kershaw","2019",1,0,1
"Greg Kerns","2016",0,1,1
"Ben Alterman","2010",0,1,1
"Susie Tewman","2022",0,2,2
"Dr. Green","2016",1,0,1
"Bunty Pickles","2019",0,1,1
"Al A. Peterson","2022",2,1,3
"Victor Diamond","2015",0,4,4
"Liza Farrington","2019",1,0,1
"Wanda Dumps","2017",0,1,1
"Sir Michael Caine","2013",0,1,1
"George Burns","2017",0,1,1
"Michael Jackson's Ghost","2013",0,1,1
"Jazz Jazz the Barber","2020",0,1,1
"Andi Callahan","2014",1,0,1
"Dykula","2013",0,1,1
"Brigadoon","2023",0,1,1
"Mrs. Potts","2018",0,1,1
"Mr. Met","2017",0,1,1
"Gil Faizon","2016",1,0,1
"Nadine Funts","2018",0,1,1
"Dr. Conwell","2015",1,0,1
"Ernest Taylor","2023",0,1,1
"El Chupacabra","2009",2,0,2
"Ricky Johnson","2022",0,1,1
"Danielle Bartiromo","2013",1,0,1
"Dr. Sweetchat the Small Talk Robot","2023",0,1,1
"John C. Reilly","2009",2,0,2
"Little Tony Diamonds","2019",1,0,1
"Sir Alec Guinness","2016",0,1,1
"Peter Finn","2017",0,1,1
"Frosty the Snowman","2013",0,1,1
"Filomena Trappp","2023",0,1,1
"Marissa Wompler","2013",2,1,3
"Kayla Dickie","2022",0,3,3
"Kole Kringle","2016",0,1,1
"Patrick McMahon","2019",1,0,1
"Huell Howser","2009",1,1,2
"Dabney","2014",1,0,1
"Victor Diamond","2014",1,2,3
"Byron Denniston","2021",3,0,3
"Randy Snutz","2018",0,1,1
"H.R. Giger","2014",1,1,2
"Eric ""Gutterballs"" Gutterman","2013",1,0,1
"John C. Reilly","2013",0,2,2
"Fourvel","2012",1,1,2
"Miss Listler","2014",2,1,3
"Christopher Hitchens","2010",0,1,1
"Beth","2017",0,2,2
"Seth Wompler","2018",0,1,1
"George St. Geegland","2011",0,1,1
"The Rum Tum Tugger","2018",1,0,1
"Victor Diamond","2016",1,3,4
"eDream Vignette","2018",0,1,1
"Hellen Klinch","2019",0,1,1
"Tom Leykis","2015",0,1,1
"Alimony Tony","2020",1,2,3
"Willard ""Willy"" Mapleton","2015",0,1,1
"Seth Wompler","2014",1,0,1
"Henry Heimlich","2021",0,1,1
"Huell Howser","2013",0,1,1
"Jesse Ventura","2012",0,3,3
"Francesca Bolognese","2020",1,1,2
"Chico Hands","2017",1,0,1
"Tom Leykis","2014",0,1,1
"Big Sue","2017",0,1,1
"Seth Berkowitz","2022",0,1,1
"Ghost Boy","2016",0,1,1
"Santa Claus","2012",0,1,1
"Messmore LeBaron","2012",0,1,1
"Leo Karpatze","2010",0,1,1
"Margery Kershaw","2017",0,1,1
"Brock Lovett","2020",1,0,1
"Entrée PeeE Neur","2021",1,0,1
"Werner Herzog","2011",0,1,1
"Randy Snutz","2016",0,2,2
"El Chupacabra","2013",1,1,2
"Kayla Dickie","2023",0,1,1
"Bever Hopox","2021",1,0,1
"August Lindt","2021",1,0,1
"Garry Marshall","2016",1,2,3
"Beth","2019",0,1,1
"Chico Hands","2019",0,1,1
"Hot Dog","2011",1,1,2
"John Lennon","2020",0,2,2
"Miss Listler","2018",0,1,1
"JW Stillwater","2022",1,1,2
"Dalton Wilcox","2020",1,1,2
"Hot Dog","2020",1,0,1
"Garry Marshall","2014",1,0,1
"Gino Lombardo","2013",0,2,2
"Todd","2020",0,1,1
"Garry Marshall","2015",1,0,1
"Lord Andrew Lloyd Webber","2020",0,1,1
"Detective James P. Garetty","2016",0,1,1
"Mr. Manners","2016",0,1,1
"Teen Giger","2022",0,1,1
"Leona Carpeze","2015",0,1,1
"Mack Attack","2021",0,1,1
"Weed Foxworthy","2023",0,1,1
"Tebow Lebow","2016",0,1,1
"Martin Riley","2011",0,1,1
"Bobby Knuts","2021",0,1,1
"Erica","2020",0,1,1
"Saman Thughgh","2014",0,1,1
"Christopher Walken","2012",0,1,1
"Truck Bastien","2011",0,1,1
"Charlotte","2017",0,1,1
"Alan Buchanan","2017",1,0,1
"Shelton Bung","2019",0,1,1
"Jacquis Robinson","2021",0,1,1
"Chejff and Heepe Moser","2020",1,0,1
"Blaze","2012",1,0,1
"Bobby Bottleservice","2011",0,2,2
"Shelly Driftwood","2017",0,1,1
"Ronna & Beverly","2012",0,1,1
"Todd","2018",0,2,2
"Madildabelle Chastaman","2019",1,0,1
"Billy","2018",0,1,1
"Mutty Brickford","2022",1,0,1
"Pastor Pasta","2022",2,1,3
"Cathy McDowell","2010",0,1,1
"Sebastian Gorka","2018",0,1,1
"Danny Mahoney","2014",1,0,1
"Joey Salsa","2023",0,2,2
"Tom Boreman","2023",0,1,1
"The Rum Tum Tugger","2020",0,1,1
"Markis Quiddlebit","2017",1,0,1
"Brock Lovett","2018",1,0,1
"Red Kemper","2019",0,1,1
"Cal Buckley/Professor Stillwater","2018",0,1,1
"Billa Beth","2021",0,1,1
"Josh Fox","2018",0,1,1
"Traci Reardon","2019",0,2,2
"Patrick McMahon","2010",0,1,1
"Larry the Loner","2018",0,1,1
"Kenneth Rogers","2017",0,1,1
"Connie Depandi","2021",1,0,1
"Gil & Golly","2014",1,0,1
"Gracie Allen","2017",0,1,1
"Dr. Sherri Levine","2013",0,1,1
"Kelsey Grammer","2022",0,1,1
"Ian Chiswick","2023",0,1,1
"Grax, Eater of Worlds","2020",0,1,1
"The Old Timer","2016",0,1,1
"Weed Seinfeld","2022",0,2,2
"Vernessa Lykes","2017",0,1,1
"The Great Magna","2021",0,1,1
"Ryan Rosenberg","2022",0,1,1
"Italiano Jones","2022",1,2,3
"Vandaveon and Mike","2012",0,1,1
"Winston Churchill","2018",0,1,1
"Jason Vorges","2013",0,1,1
"Richard Bunn","2017",0,1,1
"Reggie Tote","2016",0,1,1
"Yargo Lamento","2023",0,1,1
"Janine Blackwell","2018",0,1,1
"Klaus Schneider","2015",1,0,1
"Pat Buchanan","2012",0,1,1
"Wesley Treehawk","2013",0,1,1
"Dr. Yvette Victor","2022",1,0,1
"Russell Crowe","2014",0,1,1
"Mother","2019",0,1,1
"Ming","2016",1,2,3
"Keith Keith","2022",0,2,2
"Bill Cosby-Bukowski","2010",1,0,1
"Andi Callahan","2011",0,1,1
"Icky Spice","2019",0,1,1
"Ron Petty","2016",0,1,1
"Leonard Stooltap","2018",1,0,1
"QuaranTina Turner","2020",0,1,1
"Bill Eikenberry","2021",0,1,1
"Ron Urbansky","2016",1,0,1
"Sir Sean Connery","2016",0,1,1
"Ned Belanela","2022",1,0,1
"Lou","2017",0,1,1
"Jimmy-Bug Brickhouse","2019",0,1,1
"Gale Burbiglia","2015",0,1,1
"Kenny Takahashi","2018",0,1,1
"Irving and Gabriel Sardinas","2022",1,0,1
"Dr. Hiro Tokyo","2015",0,1,1
"Dr. Jerry Pensacola","2014",0,1,1
"Bennett Quints","2021",1,0,1
"Richard Martin","2009",0,1,1
"Brennis Dentmintsontinmen","2012",0,1,1
"Linda Watermark","2019",0,1,1
"Phe Phe","2014",0,2,2
"Buttonwillow McKittrick","2018",1,0,1
"Daniel Faraway","2018",0,1,1
"Justin Hoffman","2016",0,1,1
"Randy Travels","2017",0,1,1
"Jake Sully","2021",0,1,1
"Abernathy Combs","2023",0,1,1
"Kenny Kicks","2023",0,1,1
"Slavoj Zizek","2015",0,1,1
"Salvatore Michelangelo","2020",0,1,1
"Travis","2022",0,1,1
"Louis Green","2019",0,1,1
"Steven Spielberg","2012",0,1,1
"Juan","2016",0,1,1
"Meredith Coldwell","2014",0,1,1
"Reverend Good Feeling","2021",0,1,1
"Chris Orchard","2022",0,1,1
"Hank Williams, Jr.","2011",0,1,1
"Charles Dumpster","2016",0,1,1
"Skip Garcia","2015",0,1,1
"Gwyneth Paltrow","2012",0,1,1
"Gary Busey","2012",0,3,3
"Dante","2014",0,1,1
"Barney Schwarts","2016",0,1,1
"Marinka Oligarch","2018",1,0,1
"Dirty Dog","2023",0,1,1
"B.Q.","2016",0,2,2
"John Daly","2012",0,1,1
"C.S. Steers","2018",0,1,1
"Chris Fitzpatrick","2017",0,1,1
"Macy Hannigan","2023",0,1,1
"Cactus Tony","2013",1,0,1
"Deanas & Daenas Croc","2018",1,0,1
"The Crypt Keeper","2023",0,1,1
"Chance the Slam Poet","2013",0,1,1
"Emil","2020",0,1,1
"Ian Fleming","2014",0,1,1
"Jewel's","2014",0,1,1
"Lyle Cummings","2018",1,0,1
"Leanne Mutch","2022",0,1,1
"Vince","2013",0,1,1
"Buck Reilly","2020",0,1,1
"Dr. Ping Pong Jones","2013",0,1,1
"Get In The Way Gremlin","2019",0,1,1
"Eric Jonrosh","2014",1,0,1
"John Lennon","2016",2,11,13
"Mario","2020",0,1,1
"Amanda Calzone","2016",0,1,1
"Jerald ""T-Bones"" Tibbons","2010",0,1,1
"Ghost Mother","2017",0,1,1
"Richard Harrow's Ghost","2013",1,2,3
"Andi","2023",0,1,1
"Margarite Shoes","2018",0,1,1
"Frida Corpse","2017",0,1,1
"Doug Doyzoice","2015",0,1,1
"Kevin Attenborough","2022",0,1,1
"Paul Luzak","2012",0,1,1
"Testarossa Manigault","2017",0,1,1
"Lester Gayle","2019",0,1,1
"Étouffée","2019",1,1,2
"Derrick the Diner Marshall","2011",0,1,1
"Jim the Shim","2020",0,1,1
"Mike Ruby","2021",2,1,3
"Burnt Millipede","2020",0,1,1
"Ozzie Patinkin","2011",0,1,1
"A.J. Christopher","2009",0,1,1
"Thor Silverblatt","2014",0,1,1
"Gobo Bergentrack","2017",1,0,1
"Jerry Major","2020",1,0,1
"Barb Nuts","2023",0,1,1
"Lord Denethor","2016",0,1,1
"Bertrand ""Sweet Sauce"" Gilmore","2018",0,1,1
"Joe France's","2013",0,1,1
"Daveed Eros","2012",0,1,1
"Dr. Helma Plinkton","2022",0,1,1
"The Sun Dialer","2016",0,1,1
"Big Chunky Bubbles","2016",2,1,3
"Bjork","2009",1,0,1
"Coco Marx","2013",0,1,1
"George St. Geegland","2015",2,0,2
"Todd","2016",1,6,7
"Leila","2023",0,1,1
"Larry Blackmon","2022",0,1,1
"Lil' Gary","2009",1,0,1
"Becky","2019",0,2,2
"Larry the Loner","2016",0,1,1
"Big Dog","2018",1,0,1
"Marvin Phelps","2016",0,1,1
"Ming","2018",0,1,1
"Hot Dog","2016",1,0,1
"Werner Herzog","2016",0,3,3
"Bane","2023",0,1,1
"Ned Belanela","2023",0,1,1
"MC Sugar Butt","2019",0,2,2
"Kimmy","2014",1,0,1
"Charles Barkley","2012",0,1,1
"Zin Bradley","2015",0,1,1
"Doug Gropes","2017",0,2,2
"Dash Grabum","2020",0,1,1
"Bashford and Franklin","2018",1,0,1
"Dalton Wilcox","2018",0,1,1
"John Lennon","2018",1,2,3
"Cake Boss","2013",0,4,4
"Robert De Niro Impersonator","2012",0,1,1
"Bisby St. Hancock","2020",1,0,1
"Sylvester Stallone","2016",0,1,1
"Stanley Chamberlin","2022",0,1,1
"Merrill Shindler","2013",1,1,2
"George St. Geegland","2016",1,0,1
"Pastor Pasta","2023",0,1,1
"Bob Ducca","2011",0,2,2
"Al A. Peterson","2019",0,1,1
"James Gandolfini","2009",0,1,1
"MC Sugar Butt","2017",1,1,2
"Billy Crystal","2009",0,1,1
"Gil Faizon","2011",0,1,1
"David","2016",0,1,1
"JW Stillwater","2017",0,1,1
"Donald Trump","2016",0,1,1
"Jarles","2016",0,2,2
"Paul Giamatti","2012",0,2,2
"Sylvester Stallone","2014",0,1,1
"Gary Urbansky","2017",1,1,2
"Bob Ducca","2020",0,1,1
"Hot Dog","2018",1,0,1
"Seth Berkowitz","2019",0,1,1
"Don DiMello","2013",1,1,2
"Charles Barkley","2021",1,0,1
"Jarles","2015",2,2,4
"Morpheus, The Dream Lord","2022",0,1,1
"Sylvester Stallone","2015",0,1,1
"Lord Andrew Lloyd Webber","2016",2,3,5
"Gary Urbansky","2019",0,1,1
"Tiny","2013",0,1,1
"Margery Kershaw","2022",0,1,1
"Al A. Peterson","2017",0,1,1
"Werner Herzog","2014",0,1,1
"Stacey Keeks","2016",0,1,1
"John Lennon","2015",2,3,5
"Kayla Dickie","2019",0,1,1
"Beth","2022",0,1,1
"Dagmar the Small","2023",0,1,1
"O. J. Simpson","2021",0,1,1
"Regina Crimp","2013",0,1,1
"Garry Marshall","2011",1,1,2
"Ghost Boy","2011",0,1,1
"Leo Karpatze","2017",0,1,1
"Lil' Gary","2013",0,1,1
"Werner Herzog","2015",1,0,1
"Ice-T","2012",0,2,2
"Doug Gropes","2019",0,1,1
"Dalton Wilcox","2016",0,1,1
"Lord Andrew Lloyd Webber","2015",1,1,2
"Hot Dog","2014",1,0,1
"Todd","2014",1,0,1
"Todd","2015",0,1,1
"JW Stillwater","2019",0,1,1
"Dalton Wilcox","2014",1,0,1
"Lord Andrew Lloyd Webber","2014",1,1,2
"Pierre","2016",0,1,1
"Calvin Redding","2016",1,1,2
"Dusty","2021",0,1,1
"Barzelona Marriott","2014",0,1,1
"Chauncey Pippins","2019",0,1,1
"Giuseppe Spaghetti","2019",0,1,1
"Tayleigh Lopez","2019",0,1,1
"Mama Bread","2019",0,1,1
"Shannon","2020",0,1,1
"Ruben Stone","2021",0,1,1
"Devin O'Shea","2018",0,1,1
"Patricia Primm","2017",0,1,1
"Ichabod Gordy Bradbury","2019",0,1,1
"Dash Griswold","2020",0,1,1
"LaMary","2016",0,1,1
"Mitch Slocum","2018",1,0,1
"Cal Shipsby","2009",0,1,1
"Irvin Kershner","2016",0,1,1
"Dame Doody Stench","2017",0,1,1
"Will Crowe","2018",0,1,1
"Rabbi Bill Walton","2021",1,0,1
"Telli Charcuterie","2023",0,1,1
"Oopsie Spider-Man","2023",0,1,1
"Phil Collins","2015",1,0,1
"Mizz Chips","2016",0,1,1
"Piggy Sorebacks","2020",0,1,1
"Denny Simpson","2019",0,1,1
"Johnny Salese","2019",0,1,1
"Phineas T. Johnson","2014",0,1,1
"Stacy Buzzaba","2022",1,0,1
"Henry Sames","2021",1,0,1
"Chad Teaser","2015",0,1,1
"Mirk","2023",0,1,1
"Baby","2012",0,1,1
"Trombone Shitty","2019",0,1,1
"Entrée PeeE Neur","2020",2,0,2
"August Lindt","2011",0,1,1
"Neptuna","2016",0,1,1
"Huell Howser","2010",3,3,6
"Billy Neville","2017",0,1,1
"Brent Finley","2021",0,1,1
"Winnie the Whiny Baby","2010",0,1,1
"Gwendolyn Speck","2017",0,1,1
"Hayley Shields","2015",1,0,1
"Sister Margaret","2023",0,1,1
"Aaron Neville","2014",0,1,1
"Brandon Potter","2017",0,1,1
"Clovis Mandrake","2018",0,1,1
"Candide Baxter","2021",1,0,1
"Sabrina","2020",1,0,1
"Hekla Jonsdottir","2018",0,1,1
"Jim Pipe","2009",0,1,1
"Dabney Coleperson","2018",0,1,1
"Prudence Farth","2018",1,0,1
"Werner Herzog","2012",0,4,4
"Clayton Purdy","2015",0,1,1
"Diane Templeton","2018",0,1,1
"Mr. Toots","2022",0,1,1
"Jennifer Tilly","2011",0,1,1
"Maximilian Blanc","2012",0,1,1
"Jonathan Woodley","2017",0,1,1
"Vernita Wyatt","2017",0,1,1
"Glenn Maxx","2012",0,1,1
"Cam Paxton","2017",0,1,1
"Silly Boy","2023",0,1,1
"Rick Rubin","2023",0,1,1
"Burgey Sullenberger","2020",1,0,1
"Jason Turley","2017",0,1,1
"Bill Cosby","2009",1,0,1
"The Artful Dodger","2019",0,1,1
"Tina Tiny","2019",0,1,1
"Dr. Sturgeon the Rock n Roll Surgeon","2022",1,0,1
"Queth Wompler","2015",0,1,1
"XJR&","2014",0,1,1
"Berry","2018",0,1,1
"The Flagen Sisters","2015",0,1,1
"Raul DeLaMancha","2018",0,1,1
"Pants the Rapper","2017",0,1,1
"Tina","2021",0,1,1
"Tony B.","2016",0,1,1
"Dr. Conrad Murray","2015",1,0,1
"George Lucas","2016",0,1,1
"Douglas Speaker","2020",0,1,1
"Cockroach Rick","2023",0,1,1
"Andy Manders","2021",1,0,1
"Nance","2018",0,1,1
"Kareem","2013",1,0,1
"Dickie Caroline's","2020",0,1,1
"Frank Dorito","2016",0,3,3
"The Contraptionaire","2018",0,1,1
"Mick 4D","2018",0,1,1
"The Tab Guys","2013",0,1,1
"Wendy Quote The Worm Endquote Widelman","2016",0,1,1
"Harland Haywood","2019",2,1,3
"Sawyer Junior","2022",0,1,1
"Sam Poppers","2019",0,1,1
"Robbie","2013",0,1,1
"Croach the Tracker","2014",0,1,1
"Phil Shorts","2018",0,1,1
"John C. Reilly","2010",3,0,3
"Nancy K","2015",0,1,1
"Julie Penzmere","2010",1,0,1
"Pam Tran","2018",0,1,1
"Jonas Kings","2022",0,1,1
"Markis Campbell","2014",0,1,1
"Bernie Sanders","2016",0,1,1
"Shadow Vision","2023",0,1,1
"Rick Faber","2013",0,2,2
"Gishel Bergentrack","2017",1,0,1
"Shaliyah","2018",0,1,1
"Shelby Orangina","2013",0,1,1
"James McDowell","2010",0,1,1
"The Wacky Ding Dongs","2010",0,1,1
"Taylor Stephanie","2023",0,1,1
"Cam Billmoth","2013",0,1,1
"Ralph McElvany","2012",0,1,1
"Joel Spanaducci","2020",0,1,1
"Brenda Tattletale","2021",0,1,1
"Maximilian McSillystein","2019",0,1,1
"Harry Footman","2023",0,1,1
"Hooch the Mooch","2014",0,1,1
"Still Tantin","2020",0,1,1
"Matthew","2018",0,1,1
"Keith Jones","2017",2,0,2
"Howard Amethyst","2014",0,1,1
"Frankenstein","2020",1,0,1
"Pastor Peter Pool Boy","2020",1,0,1
"Jud Wiebe","2019",0,1,1
"Philip Seymour Hoffman","2013",0,1,1
"The Harpie Sisters","2015",0,1,1
"Janet","2023",0,1,1
"Ryan Headboard","2023",0,1,1
"Grandma Levon","2010",0,1,1
"Harry Houdini","2010",0,1,1
"Representative Buford Dorsey","2013",0,1,1
"Traci Rearden","2014",3,3,6
"Margie Donk","2017",0,1,1
"The Bachelor Brothers","2014",1,1,2
"Mizz Chips","2014",0,1,1
"Batman","2022",0,1,1
"Kelly Burton","2017",0,1,1
"Jesse Ventura","2011",0,2,2
"Lord Shitqueef","2013",0,1,1
"Sappity Tappity","2011",0,1,1
"Dale","2012",0,1,1
"Cal Solomon","2019",0,2,2
"Bean Dip","2019",1,0,1
"Antonio Lambrinidis","2022",0,1,1
"Cherry the C.H.U.D.","2017",0,1,1
"Charles Manson","2018",1,0,1
"John Daly","2016",0,1,1
"Donald Trump","2021",0,1,1
"Robert Whistler","2019",0,1,1
"Paul Giamatti","2014",0,1,1
"Santa Claus","2020",1,0,1
"Bernie Sanders","2015",0,2,2
"Eugenia Wobbles","2018",1,0,1
"Harry Footman","2022",0,1,1
"Chitter Chitter Cluck Click","2019",1,0,1
"Tito Ben","2013",0,1,1
"Bjork","2019",0,1,1
"Lord Andrew Lloyd Webber","2012",1,2,3
"The Chief","2017",2,2,4
"Henry Heimlich","2020",0,1,1
"August Lindt","2020",2,0,2
"Francesca Bolognese","2021",1,0,1
"Bro","2022",1,0,1
"Bueford LeBaron","2010",0,1,1
"The Contraptionaire","2016",1,0,1
"Rudi North","2018",2,3,5
"Dalton Wilcox","2021",4,0,4
"Bill Walton","2023",0,2,2
"Leo Karpatze","2013",0,1,1
"Yohan Breitbark","2023",0,1,1
"Darren Matichek","2023",0,1,1
"Batman","2023",0,1,1
"Brantley Aldean","2022",0,1,1
"Fabrice Fabrice","2015",1,0,1
"Jack Furz","2022",1,0,1
"Regina Crimp","2019",0,1,1
"Sprague The Whisperer","2023",0,1,1
"El Chupacabra","2010",1,3,4
"Messmore LeBaron","2011",0,1,1
"George St. Geegland","2012",1,0,1
"Shelly Driftwood","2013",0,1,1
"Albert Roe","2020",0,2,2
"The Chief","2019",1,4,5
"Regina Crimp","2017",1,0,1
"Paul Giamatti","2016",0,1,1
"Bill Walton","2022",1,3,4
"Marissa Wompler","2010",0,1,1
"Bever Hopox","2020",1,0,1
"Traci Rearden","2015",0,1,1
"Darren Matichek","2022",0,1,1
"Lil' Gary","2019",0,1,1
"Hot Dog","2021",2,0,2
"Sprague The Whisperer","2022",0,1,1
"Traci Rearden","2016",1,2,3
"Tiny","2017",0,1,1
"Dalton Wilcox","2012",1,0,1
"The Time Keeper","2017",0,1,1
"Cal Solomon","2017",1,0,1
"Mike the Janitor","2022",0,1,1
"Cake Boss","2017",1,0,1
"Cake Boss","2019",0,1,1
"Justin the Pickup Artist","2022",0,1,1
"John Lennon","2021",1,0,1
"Gino Lombardo","2022",1,2,3
"Lord Andrew Lloyd Webber","2021",0,1,1
"Gino Lombardo","2023",0,1,1
